4258,naviance.com
20047,diavgeia.gov.gr
25141,toppreise.ch
30591,sistrix.com
48425,ryazangov.ru
62769,sparkasse.it
68807,raovat.vn
81921,sr.de
84676,costasur.com
87661,hankooktire.com
88590,ip-phone-smart.jp
88960,vokrugsveta.ua
91825,sonymusicshop.jp
94028,touridat.com
94553,foto-webcam.eu
101583,oscarplusmcmaster.ca
103505,baymard.com
111374,yorck.de
112240,toho-shoten.co.jp
115168,edampf-shop.com
116785,stellenwerk-hamburg.de
116799,ncbr.gov.pl
126481,tarotaro.ru
136681,weleda.fr
140684,camprsv.com
151104,servershop24.de
151826,gonser.ch
151833,acmilan.com
155726,verdykt.pl
156926,elterngeld.net
156933,tanke-guenstig.de
161278,akf-shop.de
166314,cavilam.com
166561,teamsportbedarf.de
167022,robert-franz-shop-austria.at
171734,leftlanenews.com
178015,bauforum24.biz
200262,propars.net
200802,vgfaq.com
204107,paulnrogers.com
204857,meta4.com
206654,r-m.de
208222,labdepotinc.com
209227,bedbathntable.com.au
210230,kamuflage.ru
210242,cassidytravel.ie
224065,teleson.de
226594,fundacioncarolina.es
227130,auto-per-mausklick.de
227299,koss.com
233372,sdi-muenchen.de
234583,stalker.so
236188,leestravel.com
237107,vseinet.ru
243265,buwog.com
247771,evosan.at
249498,europhones.de
250396,worldagentdirect.com
252284,fayn.cz
252512,dicasconcursospublicos.com.br
252582,ecolines.by
254137,audi-marketingsysteme.de
254271,praktikumsstellen.de
255179,1cent.tv
256271,matroussapara.com
257671,kids-party-world.de
266767,buero-kaizen.de
268642,volkshochschule-luedenscheid.de
269537,metalogix.com
269543,download.gg
276287,schulergroup.com
276811,rhodius-abrasives.com
283453,janjapan.com
289839,ubm-development.com
302163,automotodrombrno.cz
303418,saintsrow.com
309098,kasseler-stottertherapie.de
310594,permanent.de
312138,24ocean.de
312534,techbone.de
317201,feldherr.net
320530,linentablecloth.com
337517,ortaokulmatematik.com
341901,uni-hildesheim.de
342632,dogprofi.at
342958,justlo.de
343448,mcdonalds.es
346126,pentagonsports.de
349948,eurothermen.at
350050,zebra-tours.de
355621,pflanzotheke.de
357083,unidomo.de
357105,verbraucherzentrale.nrw
360535,addvalue-assurance.fr
362963,baufritz.com
363201,vitex-shop.de
364394,schlankr.de
384160,snsm.org
387197,habisreutinger.de
387372,pluspos.de
387428,shotroom.com
400209,carlson.fi
403195,sokoshotels.fi
405698,dangquangwatch.vn
413617,badspiegel.org
415944,bahn-zum-berg.at
418083,xerve.in
424955,vaunuaitta.fi
432845,kath-fabi-hannover.de
440099,magnosphere.it
442530,teamsports.com
446534,mycapital.com.br
451060,schulichcareerboard.ca
456506,garan.pro
459976,kocsistem.com.tr
468456,teegschwendner.de
468675,autoplus.de
470145,muthesius-kunsthochschule.de
470763,stellenwerk-bonn-rhein-sieg.de
470930,uebergroessen-miesner.de
470989,vhs-marktheidenfeld.de
471496,tyre1.com
489999,e-nfs.com.br
505761,jateksziget.hu
513050,toyotaofmckinney.com
522781,buy-ern.eu
522977,cryptophone.de
523545,ffs-world.com
523639,fp-kempten.de
524534,koenig-shopping.de
524656,landwehr-software.de
526228,stellenwerk-duesseldorf.de
526229,stellenwerk-koeln.de
526373,tcm24.de
526697,vhs-region-kassel.de
528809,lampe-berger-versand.de
529322,schmuck-krone.de
529671,vomamt.at
537835,polette.com
541650,escueladelalargavida.com
546205,lantanclinic.ru
549009,numbala.vn
549366,fincomercio.com
551646,theemaillaundry.com
552197,troostautos.nl
556778,klxaerospace.com
572138,repetico.de
575742,flynic.ir
589221,shophoavip.com
592244,avery-zweckform.cz
599790,seotukhoa.com.vn
602359,avery-zweckform.pl
607076,alples.si
610618,completeautomobilist.com
612909,hydenewhomes.co.uk
639112,hunterspointresort.com
659282,airbrush-city.de
676658,uhrenrudloff.de
676695,utopia-velo.de
676746,vitalpilze-naturheilkraft.de
680060,addliving.com
680739,arcs-europe.de
681276,battery-direct.de
682200,buswelt.de
682428,cg-gruppe.de
682699,coffeefair.de
683180,dekovalenz.com
683264,derma.de
683745,drohnenstore24.de
684997,floral-direkt.de
685395,futonwerkstatt.de
685494,garnmanufaktur.com
685625,gemeinde-lotte.de
686282,handy-fabrik24.de
687457,jeans-direct.de
687950,kinderhaus-blaubaer.de
688150,koffer-planet.de
688527,larasch.de
689004,lte-verfuegbarkeit.de
689105,ma-versand.de
691674,post-aerger.de
691915,prozubi.de
693027,schuhe-trentasette.com
694026,stellenwerk.de
694687,theatermakeup.de
695968,vzth.de
695970,w-wohnen.com
696381,windelnkaufen.de
696690,xucker.de
696836,zauberdeko.de
712459,phone-zone.ru
723715,freedomhondasumter.com
726397,iautostore.com.au
726408,ibisadvisors.com
728622,labsupplyoutlaws.com
745656,ankaradil.com
746242,whitepagescanada.ca
755898,biondaybruna.com
768841,kamennezdravi.cz
776901,szpital.slupsk.pl
782224,auerbachs-keller-leipzig.de
785045,wollknoll.eu
792076,avery.fi
805323,hclinfosystems.in
837724,prosegur.com.br
839708,sodexocredenciamento.com.br
841867,wirelink.com.br
846619,seniorplaza.nl
849025,mxb.at
849053,salomonbrandcenter.com
852306,eveeye.com
853140,avery.hu
861556,chomienphi.net
868829,truckit.net
870330,dichthuatchuyennghiep.com.vn
872274,jselect.com
878331,acnease.com
888824,bonhamchrysler.com
910726,freescoresandmore.com
923379,jkvision.com
942966,os-tc.de
962825,swarmio.gg
978520,yonkershonda.com
984567,airtickets.com
990039,3dprima.com
992761,mallarino.com
993799,uoftengcareerportal.ca